"flight_id","origin","destination","register","flight_num","airplane","airline_icao","dow","status_","status1_","status2_","type_","delay_","international","scheduled_date","scheduled_time","actual_date","actual_time","miladi_scheduled","miladi_actual"
"1","OIII","OIMM","EPTBF","TBN6258","MD82","TBN","سه شنبه","پرواز كرد ","NULL",,"departure","22","0","1402-01-01","23:15:00","1402-01-01","23:37:00","21/3/2023","21/3/2023"
"2","OIMM","OIII","EPSMA","TBN6251","MD.88","TBN","سه شنبه","نشست ","NULL","پایان دریافت بار ","arrival","16","0","1402-01-01","22:40:00","1402-01-01","22:56:00","21/3/2023","21/3/2023"
"3","OIMM","OIII","EPTBF","TBN6257","MD82","TBN","سه شنبه","نشست ","NULL","پایان دریافت بار ","arrival","-5","0","1402-01-01","22:15:00","1402-01-01","22:10:00","21/3/2023","21/3/2023"
"4","OIMM","OIII",,"TBN6251","MD.88","TBN","سه شنبه","پرواز كرد ","NULL",,"departure","37","0","1402-01-01","21:15:00","1402-01-01","21:52:00","21/3/2023","21/3/2023"
"5","ORNI","OIMM",,"TBN7266","A320","TBN","سه شنبه","نشست ","NULL","پایان دریافت بار ","arrival","-2","1","1402-01-01","21:10:00","1402-01-01","21:08:00","21/3/2023","21/3/2023"
"6","OIMM","OIII",,"TBN6257","MD.88","TBN","سه شنبه","پرواز كرد ","NULL",,"departure","5","0","1402-01-01","21:00:00","1402-01-01","21:05:00","21/3/2023","21/3/2023"
"7","OIII","OIMM",,"TBN6252","MD.88","TBN","سه شنبه","نشست ","NULL","پایان دریافت بار ","arrival","29","0","1402-01-01","20:15:00","1402-01-01","20:44:00","21/3/2023","21/3/2023"
"8","OIII","OIMM","EPSMA","TBN6252","MD.88","TBN","سه شنبه","پرواز كرد ","NULL",,"departure","31","0","1402-01-01","19:00:00","1402-01-01","19:31:00","21/3/2023","21/3/2023"
"9","ORNI","OIMM",,"TBN7264","MD.88","TBN","سه شنبه","نشست ","NULL","پایان دریافت بار ","arrival","25","1","1402-01-01","17:35:00","1402-01-01","18:00:00","21/3/2023","21/3/2023"
"10","OIKQ","OIII","EPSMA","TBN6228","md88","TBN","سه شنبه","نشست ","NULL","پایان دریافت بار ","arrival","68","0","1402-01-01","16:00:00","1402-01-01","17:08:00","21/3/2023","21/3/2023"
"11","OIMM","ORNI",,"TBN7265","A320","TBN","سه شنبه","پرواز كرد ","NULL",,"departure","-4","1","1402-01-01","16:00:00","1402-01-01","15:56:00","21/3/2023","21/3/2023"
"12","OIII","OIKQ","EPSMA","TBN6227","md88","TBN","سه شنبه","پرواز كرد ","NULL",,"departure","37","0","1402-01-01","12:00:00","1402-01-01","12:37:00","21/3/2023","21/3/2023"
"13","OIMM","OIII","EPSMA","TBN6223","MD82","TBN","سه شنبه","نشست ","NULL","پایان دریافت بار ","arrival","4","0","1402-01-01","11:20:00","1402-01-01","11:24:00","21/3/2023","21/3/2023"
"14","OIMM","OIII",,"TBN6223","MD.88","TBN","سه شنبه","پرواز كرد ","NULL",,"departure","35","0","1402-01-01","09:45:00","1402-01-01","10:20:00","21/3/2023","21/3/2023"
"15","OIII","OIMM",,"TBN6224","MD.88","TBN","سه شنبه","نشست ","NULL","پایان دریافت بار ","arrival","28","0","1402-01-01","08:45:00","1402-01-01","09:13:00","21/3/2023","21/3/2023"
"16","OIII","OIMM","EPSMA","TBN6224","MD82","TBN","سه شنبه","پرواز كرد ","NULL",,"departure","10","0","1402-01-01","07:50:00","1402-01-01","08:00:00","21/3/2023","21/3/2023"
"17","OIMM","ORNI",,"TBN7263","MD.88","TBN","سه شنبه","پرواز كرد ","NULL",,"departure","3","1","1402-01-01","07:00:00","1402-01-01","07:03:00","21/3/2023","21/3/2023"
"18","OIFM","OIMM",,"TBN6208","MD.88","TBN","چهار شنبه","نشست ","NULL","پایان دریافت بار ","arrival","39","0","1402-01-02","22:40:00","1402-01-02","23:19:00","22/3/2023","22/3/2023"
"19","OIII","OIMM",,"TBN6258","MD82","TBN","چهار شنبه","طبق برنامه ","NULL",,"departure","0","0","1402-01-02","23:15:00","1402-01-02","23:15:00","22/3/2023","22/3/2023"
"20","OIMM","OIII","EPSMA","TBN6251","MD83","TBN","چهار شنبه","نشست ","NULL","پایان دریافت بار ","arrival","29","0","1402-01-02","22:30:00","1402-01-02","22:59:00","22/3/2023","22/3/2023"
"21","OIKQ","OIII",,"TBN6294","MD83","TBN","چهار شنبه","طبق برنامه ","NULL",,"arrival","0","0","1402-01-02","22:35:00","1402-01-02","22:35:00","22/3/2023","22/3/2023"
"22","OIMM","OIII",,"TBN6257","MD82","TBN","چهار شنبه","طبق برنامه ","NULL",,"arrival","0","0","1402-01-02","22:15:00","1402-01-02","22:15:00","22/3/2023","22/3/2023"
"23","OIFM","OIMM","NULL","TBN6208","md88","HH","چهارشنبه","NULL","NULL","NULL","departure","0","0","1402-01-02","21:25:00","1402-01-02","22:00:00","22/3/2023","22/3/2023"
"24","OIMM","OIII",,"TBN6251","MD.88","TBN","چهار شنبه","پرواز كرد ","NULL",,"departure","41","0","1402-01-02","21:15:00","1402-01-02","21:56:00","22/3/2023","22/3/2023"
"25","OIMM","OIFM","NULL","TBN6207","md88","HH","چهارشنبه","NULL","NULL","پایان دریافت بار","arrival","0","0","1402-01-02","20:25:00","1402-01-02","20:45:00","22/3/2023","22/3/2023"
"26","OIII","OIMM",,"TBN6252","MD.88","TBN","چهار شنبه","نشست ","NULL","پایان دریافت بار ","arrival","21","0","1402-01-02","20:15:00","1402-01-02","20:36:00","22/3/2023","22/3/2023"
"27","ORNI","OIMM",,"TBN7266","A320","TBN","چهار شنبه","Cancelled","NULL",,"arrival","0","1","1402-01-02","20:10:00","1402-01-02","20:10:00","22/3/2023","22/3/2023"
"28","OIMM","OIFM",,"TBN6207","MD.88","TBN","چهار شنبه","پرواز كرد ","NULL",,"departure","28","0","1402-01-02","19:00:00","1402-01-02","19:28:00","22/3/2023","22/3/2023"
"29","OIII","OIMM","EPSMA","TBN6252","MD83","TBN","چهار شنبه","پرواز كرد ","NULL",,"departure","25","0","1402-01-02","18:55:00","1402-01-02","19:20:00","22/3/2023","22/3/2023"
"30","OIII","OIKQ",,"TBN6293","md88","TBN","چهار شنبه","طبق برنامه ","NULL",,"departure","0","0","1402-01-02","19:10:00","1402-01-02","19:10:00","22/3/2023","22/3/2023"
"31","ORNI","OIMM",,"TBN7264","MD.88","TBN","چهار شنبه","نشست ","NULL","پایان دریافت بار ","arrival","-10","1","1402-01-02","17:55:00","1402-01-02","17:45:00","22/3/2023","22/3/2023"
"32","OIBK","OIII","EPSMA","TBN6264","MD82","TBN","چهار شنبه","نشست ","NULL","پایان دریافت بار ","arrival","-19","0","1402-01-02","16:35:00","1402-01-02","16:16:00","22/3/2023","22/3/2023"
"33","OIII","OIMM",,"TBN6222","MD82","TBN","چهار شنبه","طبق برنامه ","NULL",,"departure","0","0","1402-01-02","16:10:00","1402-01-02","16:10:00","22/3/2023","22/3/2023"
"34","OIMM","ORNI",,"TBN7265","A320","TBN","چهار شنبه","Cancelled","NULL",,"departure","0","1","1402-01-02","16:00:00","1402-01-02","16:00:00","22/3/2023","22/3/2023"
"35","OIBK","OIII",,"TBN6298","MD82","TBN","چهار شنبه","طبق برنامه ","NULL",,"arrival","0","0","1402-01-02","15:00:00","1402-01-02","15:00:00","22/3/2023","22/3/2023"
"36","ORBI","OIMM",,"TBN7288","A320","TBN","چهار شنبه","Cancelled","NULL",,"arrival","0","1","1402-01-02","14:30:00","1402-01-02","14:30:00","22/3/2023","22/3/2023"
"37","OIFM","OIBK","NULL","TBN6278","md88","HH","چهارشنبه","NULL","NULL","NULL","departure","0","0","1402-01-02","11:45:00","1402-01-02","12:30:00","22/3/2023","22/3/2023"
"38","OIBK","OIFM","NULL","TBN6277","md88","HH","چهارشنبه","NULL","NULL","دریافت بار","arrival","0","0","1402-01-02","10:45:00","1402-01-02","11:25:00","22/3/2023","22/3/2023"
"39","OIII","OIBK",,"TBN6297","MD83","TBN","چهار شنبه","طبق برنامه ","NULL",,"departure","0","0","1402-01-02","11:00:00","1402-01-02","11:00:00","22/3/2023","22/3/2023"
"40","OIMM","ORBI",,"TBN7287","A320","TBN","چهار شنبه","Cancelled","NULL",,"departure","0","1","1402-01-02","09:30:00","1402-01-02","09:30:00","22/3/2023","22/3/2023"
"41","OIMM","OIII",,"TBN6221","MD82","TBN","چهار شنبه","طبق برنامه ","NULL",,"arrival","0","0","1402-01-02","08:50:00","1402-01-02","08:50:00","22/3/2023","22/3/2023"
"42","OIII","OIMM",,"TBN6224","MD82","TBN","چهار شنبه","طبق برنامه ","NULL",,"departure","0","0","1402-01-02","08:20:00","1402-01-02","08:20:00","22/3/2023","22/3/2023"
"43","OIII","OIBK","EPSMA","TBN6263","MD82","TBN","چهار شنبه","پرواز كرد ","NULL",,"departure","27","0","1402-01-02","07:35:00","1402-01-02","08:02:00","22/3/2023","22/3/2023"
"44","OIMM","OIII",,"TBN6223","MD82","TBN","چهار شنبه","طبق برنامه ","NULL",,"arrival","0","0","1402-01-02","07:05:00","1402-01-02","07:05:00","22/3/2023","22/3/2023"
"45","OIMM","ORNI",,"TBN7263","MD.88","TBN","چهار شنبه","پرواز كرد ","NULL",,"departure","2","1","1402-01-02","07:00:00","1402-01-02","07:02:00","22/3/2023","22/3/2023"
"46","OIII","OIMM",,"TBN6258","MD.88","TBN","چهار شنبه","نشست ","NULL","پایان دریافت بار ","arrival","26","0","1402-01-02","00:30:00","1402-01-02","00:56:00","22/3/2023","22/3/2023"
"47","OIII","OIMM",,"TBN6224","MD.88","TBN","پنج شنبه","LANDED","NULL","پایان دریافت بار ","arrival","18","0","1402-01-03","22:30:00","1402-01-03","22:48:00","23/3/2023","23/3/2023"
"48","OIII","OIBB","EPSMA","TBN6279","MD.88","TBN","پنج شنبه","پرواز كرد ","NULL",,"departure","218","0","1402-01-03","19:05:00","1402-01-03","22:43:00","23/3/2023","23/3/2023"
"49","OIBK","OIII",,"TBN6266","md88","TBN","پنج شنبه","طبق برنامه ","NULL",,"arrival","0","0","1402-01-03","22:30:00","1402-01-03","22:30:00","23/3/2023","23/3/2023"
"50","OIBB","OIII","EPSMA","TBN6280","md88","TBN","پنج شنبه","تاخیر ","NULL",,"arrival","0","0","1402-01-03","22:30:00","1402-01-03","22:30:00","23/3/2023","23/3/2023"
"51","OIII","OIMM","EPTBF","TBN6224","MD.88","TBN","پنج شنبه","پرواز كرد ","NULL",,"departure","19","0","1402-01-03","21:15:00","1402-01-03","21:34:00","23/3/2023","23/3/2023"
"52","OIBK","OIII","EPSMA","TBN6264","MD82","TBN","پنج شنبه","نشست ","NULL","پایان دریافت بار ","arrival","183","0","1402-01-03","18:05:00","1402-01-03","21:08:00","23/3/2023","23/3/2023"
"53","OIMM","OIII","EPTBF","TBN6223","737-900","TBN","پنج شنبه","نشست ","NULL","پایان دریافت بار ","arrival","7","0","1402-01-03","20:10:00","1402-01-03","20:17:00","23/3/2023","23/3/2023"
"54","ORNI","OIMM",,"TBN7266","A320","TBN","پنج شنبه","Cancelled","NULL",,"arrival","0","1","1402-01-03","20:10:00","1402-01-03","20:10:00","23/3/2023","23/3/2023"
"55","OIMM","OIII",,"TBN6223","MD.88","TBN","پنج شنبه","پرواز كرد ","NULL",,"departure","9","0","1402-01-03","19:00:00","1402-01-03","19:09:00","23/3/2023","23/3/2023"
"56","OIII","OIBK",,"TBN6265","md88","TBN","پنج شنبه","طبق برنامه ","NULL",,"departure","0","0","1402-01-03","19:05:00","1402-01-03","19:05:00","23/3/2023","23/3/2023"
"57","ORNI","OIMM",,"TBN7264","MD.88","TBN","پنج شنبه","نشست ","NULL","پایان دریافت بار ","arrival","25","1","1402-01-03","17:25:00","1402-01-03","17:50:00","23/3/2023","23/3/2023"
"58","OIII","OIMM",,"TBN6222","MD82","TBN","پنج شنبه","طبق برنامه ","NULL",,"departure","0","0","1402-01-03","16:25:00","1402-01-03","16:25:00","23/3/2023","23/3/2023"
"59","OIMM","ORNI",,"TBN7265","A320","TBN","پنج شنبه","Cancelled","NULL",,"departure","0","1","1402-01-03","16:00:00","1402-01-03","16:00:00","23/3/2023","23/3/2023"
"60","OIBK","OIII",,"TBN6298","MD82","TBN","پنج شنبه","طبق برنامه ","NULL",,"arrival","0","0","1402-01-03","14:55:00","1402-01-03","14:55:00","23/3/2023","23/3/2023"
"61","ORBI","OIMM",,"TBN7288","A320","TBN","پنج شنبه","تاخیر ","NULL",,"arrival","0","1","1402-01-03","14:30:00","1402-01-03","14:30:00","23/3/2023","23/3/2023"
"62","OIYY","OIMM",,"TBN5708","MD83","TBN","پنج شنبه","تاخیر ","NULL",,"arrival","0","0","1402-01-03","14:20:00","1402-01-03","14:20:00","23/3/2023","23/3/2023"
"63","OIMM","OIBK",,"TBN6273","MD.88","TBN","پنج شنبه","پرواز كرد ","NULL",,"departure","19","0","1402-01-03","14:00:00","1402-01-03","14:19:00","23/3/2023","23/3/2023"
"64","OIBK","OIMM",,"TBN6274","MD.88","TBN","پنج شنبه","نشست ","NULL","پایان دریافت بار ","arrival","2","0","1402-01-03","13:00:00","1402-01-03","13:02:00","23/3/2023","23/3/2023"
"65","OIII","OIBK",,"TBN6297","MD83","TBN","پنج شنبه","طبق برنامه ","NULL",,"departure","0","0","1402-01-03","11:05:00","1402-01-03","11:05:00","23/3/2023","23/3/2023"
"66","OIII","OIMM",,"TBN6258","MD82","TBN","پنج شنبه","طبق برنامه ","NULL",,"departure","0","0","1402-01-03","10:05:00","1402-01-03","10:05:00","23/3/2023","23/3/2023"
"67","OIMM","ORBI",,"TBN7287","A320","TBN","پنج شنبه","Cancelled","NULL",,"departure","0","1","1402-01-03","09:30:00","1402-01-03","09:30:00","23/3/2023","23/3/2023"
"68","OIMM","OIII",,"TBN6221","MD82","TBN","پنج شنبه","طبق برنامه ","NULL",,"arrival","0","0","1402-01-03","08:55:00","1402-01-03","08:55:00","23/3/2023","23/3/2023"
"69","OIII","OIBK","EPSMA","TBN6263","MD82","TBN","پنج شنبه","پرواز كرد ","NULL",,"departure","11","0","1402-01-03","08:35:00","1402-01-03","08:46:00","23/3/2023","23/3/2023"
"70","OIMM","OIII",,"TBN6257","MD82","TBN","پنج شنبه","طبق برنامه ","NULL",,"arrival","0","0","1402-01-03","08:45:00","1402-01-03","08:45:00","23/3/2023","23/3/2023"
"71","OIMM","ORNI",,"TBN7263","MD.88","TBN","پنج شنبه","پرواز كرد ","NULL",,"departure","-8","1","1402-01-03","07:00:00","1402-01-03","06:52:00","23/3/2023","23/3/2023"
"72","OIII","OIMM","EPTBF","TBN6258","MD82","TBN","جمعه","Ready","آماده پرواز ",,"departure","0","0","1402-01-04","23:15:00","1402-01-04","23:15:00","24/3/2023","24/3/2023"
"73","OIMM","OIII","EPSMA","TBN6251","MD83","TBN","جمعه","LANDED","نشست ","پایان دریافت بار ","arrival","6","0","1402-01-04","22:55:00","1402-01-04","23:01:00","24/3/2023","24/3/2023"
"74","OIMM","OIII","EPTBF","TBN6257","MD.88","TBN","جمعه","LANDED","نشست ","پایان دریافت بار ","arrival","12","0","1402-01-04","22:20:00","1402-01-04","22:32:00","24/3/2023","24/3/2023"
"75","OIBK","OIII",,"TBN6266","md88","TBN","جمعه","طبق برنامه ","NULL",,"arrival","0","0","1402-01-04","22:20:00","1402-01-04","22:20:00","24/3/2023","24/3/2023"
"76","OIMM","OIII",,"TBN6251","MD.88","TBN","جمعه","Departed","پرواز كرد ",,"departure","35","0","1402-01-04","21:15:00","1402-01-04","21:50:00","24/3/2023","24/3/2023"
"77","OIMM","OIII",,"TBN6257","MD.88","TBN","جمعه","Departed","پرواز كرد ",,"departure","25","0","1402-01-04","21:00:00","1402-01-04","21:25:00","24/3/2023","24/3/2023"
"78","OIII","OIMM",,"TBN6252","MD.88","TBN","جمعه","LANDED","نشست ","پایان دریافت بار ","arrival","25","0","1402-01-04","20:15:00","1402-01-04","20:40:00","24/3/2023","24/3/2023"
"79","OIFM","OIMM",,"TBN6208","MDC-DC-7","TBN","جمعه","LANDED","نشست ","پایان دریافت بار ","arrival","49","0","1402-01-04","19:25:00","1402-01-04","20:14:00","24/3/2023","24/3/2023"
"80","ORNI","OIMM",,"TBN7266","A320","TBN","جمعه","Cancelled","باطل شد ",,"arrival","0","1","1402-01-04","20:10:00","1402-01-04","20:10:00","24/3/2023","24/3/2023"
"81","OIII","OIMM","EPSMA","TBN6252","MD83","TBN","جمعه","Departed","پرواز كرد ",,"departure","25","0","1402-01-04","19:15:00","1402-01-04","19:40:00","24/3/2023","24/3/2023"
"82","OIII","OIBK",,"TBN6265","md88","TBN","جمعه","طبق برنامه ","NULL",,"departure","0","0","1402-01-04","18:55:00","1402-01-04","18:55:00","24/3/2023","24/3/2023"
"83","OIFM","OIMM","NULL","TBN6208","MD83","HH","جمعه","پروازکرد18:55","NULL","NULL","departure","0","0","1402-01-04","18:00:00","1402-01-04","18:55:00","24/3/2023","24/3/2023"
"84","OIMM","OIFM","NULL","TBN6207","MD83","HH","جمعه"," نشست17:35","NULL","پایان دریافت بار","arrival","0","0","1402-01-04","17:00:00","1402-01-04","17:35:00","24/3/2023","24/3/2023"
"85","OIKQ","OIII","EPSMA","TBN6228","md88","TBN","جمعه","LANDED","نشست ","پایان دریافت بار ","arrival","53","0","1402-01-04","15:55:00","1402-01-04","16:48:00","24/3/2023","24/3/2023"
"86","OIMM","OIFM",,"TBN6207","MDC-DC-7","TBN","جمعه","Departed","پرواز كرد ",,"departure","42","0","1402-01-04","15:40:00","1402-01-04","16:22:00","24/3/2023","24/3/2023"
"87","OIMM","ORNI",,"TBN7265","A320","TBN","جمعه","Cancelled","باطل شد ",,"departure","0","1","1402-01-04","16:00:00","1402-01-04","16:00:00","24/3/2023","24/3/2023"
"88","OIII","OIMM",,"TBN6222","MD82","TBN","جمعه","طبق برنامه ","NULL",,"departure","0","0","1402-01-04","16:00:00","1402-01-04","16:00:00","24/3/2023","24/3/2023"
"89","OIBK","OIII",,"TBN6298","MD82","TBN","جمعه","طبق برنامه ","NULL",,"arrival","0","0","1402-01-04","15:00:00","1402-01-04","15:00:00","24/3/2023","24/3/2023"
"90","OISS","OIMM",,"TBN6232","MDC-DC-3","TBN","جمعه","LANDED","نشست ","پایان دریافت بار ","arrival","10","0","1402-01-04","14:25:00","1402-01-04","14:35:00","24/3/2023","24/3/2023"
"91","ORBI","OIMM",,"TBN7288","A320","TBN","جمعه","Cancelled","باطل شد ",,"arrival","0","1","1402-01-04","14:30:00","1402-01-04","14:30:00","24/3/2023","24/3/2023"
"92","OIFM","OIMM","NULL","TBN6206","MD83","HH","جمعه","Cancelled","NULL","NULL","departure","0","0","1402-01-04","13:20:00","1402-01-04","13:20:00","24/3/2023","24/3/2023"
"93","OISS","OIMM","NULL","TBN6232","MD83","HH","جمعه","پروازکرد13:11","NULL","NULL","departure","0","0","1402-01-04","13:00:00","1402-01-04","13:11:00","24/3/2023","24/3/2023"
"94","OIII","OIKQ","EPSMA","TBN6227","md88","TBN","جمعه","Departed","پرواز كرد ",,"departure","32","0","1402-01-04","12:00:00","1402-01-04","12:32:00","24/3/2023","24/3/2023"
"95","ORNI","OIMM",,"TBN7264","MD.88","TBN","جمعه","LANDED","نشست ","پایان دریافت بار ","arrival","-18","1","1402-01-04","12:40:00","1402-01-04","12:22:00","24/3/2023","24/3/2023"
"96","OIMM","OIFM","NULL","TBN6205","MD83","HH","جمعه","Cancelled","NULL","NULL","arrival","0","0","1402-01-04","12:20:00","1402-01-04","12:20:00","24/3/2023","24/3/2023"
"97","OIMM","OISS","NULL","TBN6231","MD83","HH","جمعه"," نشست12:11","NULL","پایان دریافت بار","arrival","0","0","1402-01-04","12:00:00","1402-01-04","12:11:00","24/3/2023","24/3/2023"
"98","OIMM","OIII","EPSMA","TBN6223","MD82","TBN","جمعه","LANDED","نشست ","پایان دریافت بار ","arrival","21","0","1402-01-04","11:00:00","1402-01-04","11:21:00","24/3/2023","24/3/2023"
"99","OIII","OIBK",,"TBN6297","MD83","TBN","جمعه","طبق برنامه ","NULL",,"departure","0","0","1402-01-04","11:00:00","1402-01-04","11:00:00","24/3/2023","24/3/2023"
"100","OIMM","OISS",,"TBN6231","MDC-DC-7","TBN","جمعه","Departed","پرواز كرد ",,"departure","10","0","1402-01-04","10:30:00","1402-01-04","10:40:00","24/3/2023","24/3/2023"
"101","OIMM","OIII",,"TBN6223","MD.88","TBN","جمعه","Departed","پرواز كرد ",,"departure","28","0","1402-01-04","09:45:00","1402-01-04","10:13:00","24/3/2023","24/3/2023"
"102","OIMM","OIII",,"TBN6221","MD82","TBN","جمعه","طبق برنامه ","NULL",,"arrival","0","0","1402-01-04","10:00:00","1402-01-04","10:00:00","24/3/2023","24/3/2023"
"103","OIMM","ORBI",,"TBN7287","A320","TBN","جمعه","Cancelled","باطل شد ",,"departure","0","1","1402-01-04","09:30:00","1402-01-04","09:30:00","24/3/2023","24/3/2023"
"104","OIII","OIMM",,"TBN6224","MD.88","TBN","جمعه","LANDED","نشست ","پایان دریافت بار ","arrival","20","0","1402-01-04","08:45:00","1402-01-04","09:05:00","24/3/2023","24/3/2023"
"105","OIII","OIMM","EPSMA","TBN6224","MD82","TBN","جمعه","Departed","پرواز كرد ",,"departure","24","0","1402-01-04","07:30:00","1402-01-04","07:54:00","24/3/2023","24/3/2023"
"106","OIMM","ORNI",,"TBN7263","MD.88","TBN","جمعه","Departed","پرواز كرد ",,"departure","12","1","1402-01-04","07:00:00","1402-01-04","07:12:00","24/3/2023","24/3/2023"
"107","OIII","OIMM",,"TBN6224","MD.88","TBN","شنبه","LANDED","نشست ","پایان دریافت بار ","arrival","54","0","1402-01-05","22:30:00","1402-01-05","23:24:00","25/3/2023","25/3/2023"
"108","OIFM","OIMM",,"TBN6208","MD.88","TBN","شنبه","LANDED","نشست ","پایان دریافت بار ","arrival","31","0","1402-01-05","22:40:00","1402-01-05","23:11:00","25/3/2023","25/3/2023"
"109","OIII","OIMM","EPSMA","TBN6224","MD.88","TBN","شنبه","Departed","پرواز كرد ",,"departure","59","0","1402-01-05","21:15:00","1402-01-05","22:14:00","25/3/2023","25/3/2023"
"110","OIFM","OIMM","NULL","TBN6208","MD83","HH","شنبه","پروازکرد21:55","NULL","NULL","departure","0","0","1402-01-05","21:25:00","1402-01-05","21:55:00","25/3/2023","25/3/2023"
"111","OIMM","OIFM","NULL","TBN6207","MD83","HH","شنبه"," نشست20:55","NULL","پایان دریافت بار","arrival","0","0","1402-01-05","20:25:00","1402-01-05","20:55:00","25/3/2023","25/3/2023"
"112","OIMM","OIII","EPSMA","TBN6325","MD.88","TBN","شنبه","LANDED","نشست ","پایان دریافت بار ","arrival","30","0","1402-01-05","20:20:00","1402-01-05","20:50:00","25/3/2023","25/3/2023"
"113","OIMM","OIII",,"TBN6223","MD82","TBN","شنبه","ONTIME","طبق برنامه ",,"arrival","0","0","1402-01-05","20:15:00","1402-01-05","20:15:00","25/3/2023","25/3/2023"
"114","OIMM","OIII",,"TBN6325","MD.88","TBN","شنبه","Departed","پرواز كرد ",,"departure","43","0","1402-01-05","19:00:00","1402-01-05","19:43:00","25/3/2023","25/3/2023"
"115","OIMM","OIFM",,"TBN6207","MD.88","TBN","شنبه","Departed","پرواز كرد ",,"departure","36","0","1402-01-05","19:00:00","1402-01-05","19:36:00","25/3/2023","25/3/2023"
"116","OIII","OIMM",,"TBN6326","MD.88","TBN","شنبه","LANDED","نشست ","پایان دریافت بار ","arrival","32","0","1402-01-05","18:00:00","1402-01-05","18:32:00","25/3/2023","25/3/2023"
"117","ORNI","OIMM",,"TBN7265","A320","TBN","شنبه","Cancelled","باطل شد ",,"arrival","0","1","1402-01-05","18:10:00","1402-01-05","18:10:00","25/3/2023","25/3/2023"
"118","ORNI","OIMM",,"TBN7264","MD.88","TBN","شنبه","LANDED","نشست ","پایان دریافت بار ","arrival","4","1","1402-01-05","17:55:00","1402-01-05","17:59:00","25/3/2023","25/3/2023"
"119","OIII","OIMM","EPSMA","TBN6326","MD.88","TBN","شنبه","Departed","پرواز كرد ",,"departure","33","0","1402-01-05","16:50:00","1402-01-05","17:23:00","25/3/2023","25/3/2023"
"120","OIBK","OIII","EPSMA","TBN6264","MD82","TBN","شنبه","LANDED","نشست ","پایان دریافت بار ","arrival","-2","0","1402-01-05","15:55:00","1402-01-05","15:53:00","25/3/2023","25/3/2023"
"121","OIMM","OITT",,"TBN5638","MD83","TBN","شنبه","ONTIME","طبق برنامه ",,"departure","0","0","1402-01-05","15:40:00","1402-01-05","15:40:00","25/3/2023","25/3/2023"
"122","OIII","OIMM",,"TBN6222","MD82","TBN","شنبه","ONTIME","طبق برنامه ",,"departure","0","0","1402-01-05","14:55:00","1402-01-05","14:55:00","25/3/2023","25/3/2023"
"123","OIMM","OIII",,"TBN6221","MD82","TBN","شنبه","ONTIME","طبق برنامه ",,"arrival","0","0","1402-01-05","13:55:00","1402-01-05","13:55:00","25/3/2023","25/3/2023"
"124","OIMM","ORNI",,"TBN7266","A320","TBN","شنبه","Cancelled","باطل شد ",,"departure","0","1","1402-01-05","13:00:00","1402-01-05","13:00:00","25/3/2023","25/3/2023"
"125","OIFM","OIBK","NULL","TBN6278","MD83","HH","شنبه","پروازکرد12:20","NULL","NULL","departure","0","0","1402-01-05","11:45:00","1402-01-05","12:20:00","25/3/2023","25/3/2023"
"126","OIBK","OIFM","NULL","TBN6277","MD83","HH","شنبه"," نشست11:05","NULL","پایان دریافت بار","arrival","0","0","1402-01-05","10:45:00","1402-01-05","11:05:00","25/3/2023","25/3/2023"
"127","OIII","OIMM",,"TBN6258","MD82","TBN","شنبه","ONTIME","طبق برنامه ",,"departure","0","0","1402-01-05","10:10:00","1402-01-05","10:10:00","25/3/2023","25/3/2023"
"128","OIMM","OIII",,"TBN6257","MD82","TBN","شنبه","ONTIME","طبق برنامه ",,"arrival","0","0","1402-01-05","09:05:00","1402-01-05","09:05:00","25/3/2023","25/3/2023"
"129","OIII","OIZH","NULL","TBN8772","MD82","RI","شنبه"," نشست09:00","NULL","پایان دریافت بار","arrival","0","0","1402-01-05","08:45:00","1402-01-05","09:00:00","25/3/2023","25/3/2023"
"130","OIII","OIBK","EPSMA","TBN6263","MD.88","TBN","شنبه","Departed","پرواز كرد ",,"departure","15","0","1402-01-05","07:15:00","1402-01-05","07:30:00","25/3/2023","25/3/2023"
"131","OIMM","ORNI",,"TBN7263","MD.88","TBN","شنبه","Departed","پرواز كرد ",,"departure","2","1","1402-01-05","07:00:00","1402-01-05","07:02:00","25/3/2023","25/3/2023"
"132","OIII","OIMM",,"TBN6258","MD.88","TBN","شنبه","LANDED","نشست ","پایان دریافت بار ","arrival","40","0","1402-01-05","00:30:00","1402-01-05","01:10:00","25/3/2023","25/3/2023"
"133","OISS","OIMM",,"TBN6232","A320","TBN","یکشنبه","LANDED","نشست ","پایان دریافت بار ","arrival","32","0","1402-01-06","22:50:00","1402-01-06","23:22:00","26/3/2023","26/3/2023"
"134","OIBB","OIII","EPSMA","TBN6280","md88","TBN","یکشنبه","LANDED","نشست ","پایان دریافت بار ","arrival","38","0","1402-01-06","22:30:00","1402-01-06","23:08:00","26/3/2023","26/3/2023"
"135","OIII","OIMM","EPTBF","TBN6258","md88","TBN","یکشنبه","Boarding","در حال سوار شدن ",,"departure","0","0","1402-01-06","23:00:00","1402-01-06","23:00:00","26/3/2023","26/3/2023"
"136","OIFM","OIMM",,"TBN6206","MD.88","TBN","یکشنبه","ONTIME","طبق برنامه ",,"arrival","0","0","1402-01-06","22:40:00","1402-01-06","22:40:00","26/3/2023","26/3/2023"
"137","OIMM","OIII","EPTBF","TBN6257","md88","TBN","یکشنبه","LANDED","نشست ","پایان دریافت بار ","arrival","14","0","1402-01-06","22:00:00","1402-01-06","22:14:00","26/3/2023","26/3/2023"
"138","OISS","OIMM","NULL","TBN6232","A320","HH","یکشنبه","پروازکرد22:04","NULL","NULL","departure","0","0","1402-01-06","21:15:00","1402-01-06","22:04:00","26/3/2023","26/3/2023"
"139","OIMM","OIII",,"TBN6257","MD.88","TBN","یکشنبه","Departed","پرواز كرد ",,"departure","3","0","1402-01-06","21:00:00","1402-01-06","21:03:00","26/3/2023","26/3/2023"
"140","OOMS","OISS","NULL","TBN7218","NULL","HH","یکشنبه"," نشست20:46","NULL","پایان دریافت بار","arrival","0","1","1402-01-06","20:00:00","1402-01-06","20:46:00","26/3/2023","26/3/2023"
"141","OOMS","OISS","NULL","TBN7220","A320","HH","یکشنبه"," طبق برنامه ","NULL","NULL","arrival","0","1","1402-01-06","20:00:00","1402-01-06","20:00:00","26/3/2023","26/3/2023"
"142","OIII","OIBB","EPSMA","TBN6279","md88","TBN","یکشنبه","Departed","پرواز كرد ",,"departure","30","0","1402-01-06","19:00:00","1402-01-06","19:30:00","26/3/2023","26/3/2023"
"143","OIMM","OIFM",,"TBN6205","MD.88","TBN","یکشنبه","ONTIME","طبق برنامه ",,"departure","0","0","1402-01-06","19:00:00","1402-01-06","19:00:00","26/3/2023","26/3/2023"
"144","OIII","OIMM",,"TBN6222","md88","TBN","یکشنبه","ONTIME","طبق برنامه ",,"departure","0","0","1402-01-06","18:50:00","1402-01-06","18:50:00","26/3/2023","26/3/2023"
"145","ORNI","OIMM",,"TBN7264","MD.88","TBN","یکشنبه","LANDED","نشست ","پایان دریافت بار ","arrival","17","1","1402-01-06","17:55:00","1402-01-06","18:12:00","26/3/2023","26/3/2023"
"146","OIMM","OIII","EPTBC","TBN6221","md88","TBN","یکشنبه","LANDED","نشست ","پایان دریافت بار ","arrival","4","0","1402-01-06","17:35:00","1402-01-06","17:39:00","26/3/2023","26/3/2023"
"147","OIMM","OIII",,"TBN6221","MD.88","TBN","یکشنبه","Departed","پرواز كرد ",,"departure","0","0","1402-01-06","16:30:00","1402-01-06","16:30:00","26/3/2023","26/3/2023"
"148","OISS","OIII",,"TBN6284","md88","TBN","یکشنبه","ONTIME","طبق برنامه ",,"arrival","0","0","1402-01-06","15:30:00","1402-01-06","15:30:00","26/3/2023","26/3/2023"
"149","OIFM","OIMM",,"TBN6208","MD.88","TBN","یکشنبه","LANDED","نشست ","پایان دریافت بار ","arrival","7","0","1402-01-06","15:10:00","1402-01-06","15:17:00","26/3/2023","26/3/2023"
"150","OIFM","OIMM","NULL","TBN6208","MD83","HH","یکشنبه","پروازکرد14:05","NULL","NULL","departure","0","0","1402-01-06","13:50:00","1402-01-06","14:05:00","26/3/2023","26/3/2023"
"151","OIMM","OIFM","NULL","TBN6207","MD83","HH","یکشنبه"," نشست13:00","NULL","پایان دریافت بار","arrival","0","0","1402-01-06","12:50:00","1402-01-06","13:00:00","26/3/2023","26/3/2023"
"152","OIMM","OIFM",,"TBN6207","MD.88","TBN","یکشنبه","Departed","پرواز كرد ",,"departure","11","0","1402-01-06","11:30:00","1402-01-06","11:41:00","26/3/2023","26/3/2023"
"153","OIII","OIMM",,"TBN6224","MD.88","TBN","یکشنبه","LANDED","نشست ","پایان دریافت بار ","arrival","38","0","1402-01-06","09:30:00","1402-01-06","10:08:00","26/3/2023","26/3/2023"
"154","OISS","OOMS","NULL","TBN7217","NULL","HH","یکشنبه","پروازکرد09:06","NULL","NULL","departure","0","1","1402-01-06","09:00:00","1402-01-06","09:06:00","26/3/2023","26/3/2023"
"155","OISS","OOMS","NULL","TBN7219","A320","HH","یکشنبه","پایان پذیرش مسافر","NULL","NULL","departure","0","1","1402-01-06","09:00:00","1402-01-06","09:00:00","26/3/2023","26/3/2023"
"156","OIII","OIMM","EPSMA","TBN6224","md88","TBN","یکشنبه","Departed","پرواز كرد ",,"departure","34","0","1402-01-06","08:20:00","1402-01-06","08:54:00","26/3/2023","26/3/2023"
"157","OIMM","OIII","EPSMA","TBN6223","md88","TBN","یکشنبه","LANDED","نشست ","پایان دریافت بار ","arrival","18","0","1402-01-06","07:00:00","1402-01-06","07:18:00","26/3/2023","26/3/2023"
"158","OIMM","ORNI",,"TBN7263","MD.88","TBN","یکشنبه","Departed","پرواز كرد ",,"departure","-13","1","1402-01-06","07:00:00","1402-01-06","06:47:00","26/3/2023","26/3/2023"
"159","OIMM","OISS",,"TBN6231","A320","TBN","یکشنبه","Departed","پرواز كرد ",,"departure","-5","0","1402-01-06","06:30:00","1402-01-06","06:25:00","26/3/2023","26/3/2023"
"160","OIMM","OIII",,"TBN6223","MD.88","TBN","یکشنبه","Departed","پرواز كرد ",,"departure","10","0","1402-01-06","06:00:00","1402-01-06","06:10:00","26/3/2023","26/3/2023"
"161","OIII","OISS",,"TBN6283","md88","TBN","یکشنبه","ONTIME","طبق برنامه ",,"departure","0","0","1402-01-06","06:00:00","1402-01-06","06:00:00","26/3/2023","26/3/2023"
"162","OIZH","OIMM",,"TBN6272","MD.88","TBN","دو شنبه","LANDED","نشست ","پایان دریافت بار ","arrival","71","0","1402-01-07","22:20:00","1402-01-07","23:31:00","27/3/2023","27/3/2023"
"163","ORBI","OIMM",,"TBN7288","A320","TBN","دو شنبه","Cancelled","باطل شد ",,"arrival","0","1","1402-01-07","23:20:00","1402-01-07","23:20:00","27/3/2023","27/3/2023"
"164","OIII","OIMM",,"TBN6258","md88","TBN","دو شنبه","ONTIME","طبق برنامه ",,"departure","0","0","1402-01-07","23:00:00","1402-01-07","23:00:00","27/3/2023","27/3/2023"
"165","OIZH","OIMM","NULL","TBN6272","NULL","HH","دوشنبه","پروازکرد22:20","NULL","NULL","departure","0","0","1402-01-07","21:10:00","1402-01-07","22:20:00","27/3/2023","27/3/2023"
"166","OIBB","OIII","EPSMA","TBN6280","md88","TBN","دو شنبه","Delayed","تاخیر ",,"arrival","0","0","1402-01-07","22:05:00","1402-01-07","22:05:00","27/3/2023","27/3/2023"
"167","OIMM","OIII",,"TBN6257","md88","TBN","دو شنبه","ONTIME","طبق برنامه ",,"arrival","0","0","1402-01-07","22:00:00","1402-01-07","22:00:00","27/3/2023","27/3/2023"
"168","OIII","OIBB","EPSMA","TBN6279","md88","TBN","دو شنبه","Departed","پرواز كرد ",,"departure","200","0","1402-01-07","18:30:00","1402-01-07","21:50:00","27/3/2023","27/3/2023"
"169","OIBK","OIII","EPSMA","TBN6264","md88","TBN","دو شنبه","LANDED","نشست ","پایان دریافت بار ","arrival","164","0","1402-01-07","17:30:00","1402-01-07","20:14:00","27/3/2023","27/3/2023"
"170","OIMM","OIZH",,"TBN6271","MD.88","TBN","دو شنبه","Departed","پرواز كرد ",,"departure","60","0","1402-01-07","19:00:00","1402-01-07","20:00:00","27/3/2023","27/3/2023"
"171","ORNI","OIMM",,"TBN7264","MD.88","TBN","دو شنبه","LANDED","نشست ","پایان دریافت بار ","arrival","8","1","1402-01-07","17:55:00","1402-01-07","18:03:00","27/3/2023","27/3/2023"
"172","OIMM","ORBI",,"TBN7287","A320","TBN","دو شنبه","Cancelled","باطل شد ",,"departure","0","1","1402-01-07","18:00:00","1402-01-07","18:00:00","27/3/2023","27/3/2023"
"173","OPLA","OIMM",,"TBN7208","A320","TBN","دو شنبه","LANDED","نشست ","پایان دریافت بار ","arrival","-15","1","1402-01-07","17:30:00","1402-01-07","17:15:00","27/3/2023","27/3/2023"
"174","OIII","OIBK","EPSMA","TBN6263","md88","TBN","دو شنبه","Departed","پرواز كرد ",,"departure","161","0","1402-01-07","13:35:00","1402-01-07","16:16:00","27/3/2023","27/3/2023"
"175","OIMM","OIBK",,"TBN6273","MD.88","TBN","دو شنبه","ONTIME","طبق برنامه ",,"departure","0","0","1402-01-07","13:00:00","1402-01-07","13:00:00","27/3/2023","27/3/2023"
"176","OIBK","OIMM",,"TBN6274","MD.88","TBN","دو شنبه","ONTIME","طبق برنامه ",,"arrival","0","0","1402-01-07","12:00:00","1402-01-07","12:00:00","27/3/2023","27/3/2023"
"177","OIMM","OPLA",,"TBN7207","A320","TBN","دو شنبه","Departed","پرواز كرد ",,"departure","-12","1","1402-01-07","10:30:00","1402-01-07","10:18:00","27/3/2023","27/3/2023"
"178","OIII","OIMM",,"TBN6224","md88","TBN","دو شنبه","ONTIME","طبق برنامه ",,"departure","0","0","1402-01-07","08:45:00","1402-01-07","08:45:00","27/3/2023","27/3/2023"
"179","OIMM","ORNI",,"TBN7263","MD.88","TBN","دو شنبه","Departed","پرواز كرد ",,"departure","8","1","1402-01-07","07:00:00","1402-01-07","07:08:00","27/3/2023","27/3/2023"
"180","OIMM","OIII",,"TBN6223","md88","TBN","دو شنبه","ONTIME","طبق برنامه ",,"arrival","0","0","1402-01-07","07:00:00","1402-01-07","07:00:00","27/3/2023","27/3/2023"
"181","OIII","OIMM",,"TBN6258","MD.88","TBN","دو شنبه","LANDED","نشست ","پایان دریافت بار ","arrival","52","0","1402-01-07","00:30:00","1402-01-07","01:22:00","27/3/2023","27/3/2023"
"182","OIMM","OIII",,"TBN6251","md88","TBN","سه شنبه","ONTIME","طبق برنامه ",,"arrival","0","0","1402-01-08","23:55:00","1402-01-08","23:55:00","28/3/2023","28/3/2023"
"183","OIII","OIMM","EPTBF","TBN6258","md88","TBN","سه شنبه","Departed","پرواز كرد ",,"departure","30","0","1402-01-08","23:00:00","1402-01-08","23:30:00","28/3/2023","28/3/2023"
"184","OIMM","OIII","EPTBF","TBN6257","md88","TBN","سه شنبه","LANDED","نشست ","پایان دریافت بار ","arrival","12","0","1402-01-08","22:00:00","1402-01-08","22:12:00","28/3/2023","28/3/2023"
"185","OIII","OIMM",,"TBN6252","MD.88","TBN","سه شنبه","LANDED","نشست ","پایان دریافت بار ","arrival","9","0","1402-01-08","21:45:00","1402-01-08","21:54:00","28/3/2023","28/3/2023"
"186","OIMM","OIII",,"TBN6257","MD.88","TBN","سه شنبه","Departed","پرواز كرد ",,"departure","7","0","1402-01-08","21:00:00","1402-01-08","21:07:00","28/3/2023","28/3/2023"
"187","OIII","OIMM","EPSMA","TBN6252","md88","TBN","سه شنبه","Departed","پرواز كرد ",,"departure","13","0","1402-01-08","20:30:00","1402-01-08","20:43:00","28/3/2023","28/3/2023"
"188","ORNI","OIMM",,"TBN7266","A320","TBN","سه شنبه","ONTIME","طبق برنامه ",,"arrival","0","1","1402-01-08","18:10:00","1402-01-08","18:10:00","28/3/2023","28/3/2023"
"189","ORNI","OIMM",,"TBN7264","MD.88","TBN","سه شنبه","LANDED","نشست ","پایان دریافت بار ","arrival","33","1","1402-01-08","17:35:00","1402-01-08","18:08:00","28/3/2023","28/3/2023"
"190","OIKQ","OIII","EPSMA","TBN6228","md88","TBN","سه شنبه","LANDED","نشست ","پایان دریافت بار ","arrival","122","0","1402-01-08","16:00:00","1402-01-08","18:02:00","28/3/2023","28/3/2023"
"191","OIII","OIMM",,"TBN6222","md88","TBN","سه شنبه","ONTIME","طبق برنامه ",,"departure","0","0","1402-01-08","15:50:00","1402-01-08","15:50:00","28/3/2023","28/3/2023"
"192","OIII","OIKQ","EPSMA","TBN6227","md88","TBN","سه شنبه","Departed","پرواز كرد ",,"departure","60","0","1402-01-08","12:05:00","1402-01-08","13:05:00","28/3/2023","28/3/2023"
"193","OIMM","ORNI",,"TBN7265","A320","TBN","سه شنبه","ONTIME","طبق برنامه ",,"departure","0","1","1402-01-08","13:00:00","1402-01-08","13:00:00","28/3/2023","28/3/2023"
"194","OIMM","OIII","EPSMA","TBN6223","md88","TBN","سه شنبه","LANDED","نشست ","پایان دریافت بار ","arrival","98","0","1402-01-08","10:10:00","1402-01-08","11:48:00","28/3/2023","28/3/2023"
"195","OIMM","OIII",,"TBN6223","MD.88","TBN","سه شنبه","Departed","پرواز كرد ",,"departure","49","0","1402-01-08","09:45:00","1402-01-08","10:34:00","28/3/2023","28/3/2023"
"196","OIII","OIMM",,"TBN6224","MD.88","TBN","سه شنبه","LANDED","نشست ","پایان دریافت بار ","arrival","47","0","1402-01-08","08:45:00","1402-01-08","09:32:00","28/3/2023","28/3/2023"
"197","OIMM","OIII",,"TBN6221","md88","TBN","سه شنبه","ONTIME","طبق برنامه ",,"arrival","0","0","1402-01-08","08:45:00","1402-01-08","08:45:00","28/3/2023","28/3/2023"
"198","OIII","OIMM","EPSMA","TBN6224","md88","TBN","سه شنبه","Departed","پرواز كرد ",,"departure","38","0","1402-01-08","07:40:00","1402-01-08","08:18:00","28/3/2023","28/3/2023"
"199","OIMM","ORNI",,"TBN7263","MD.88","TBN","سه شنبه","Departed","پرواز كرد ",,"departure","-5","1","1402-01-08","07:00:00","1402-01-08","06:55:00","28/3/2023","28/3/2023"
"200","OIMM","OIII",,"TBN6251","MD.88","TBN","سه شنبه","Departed","پرواز كرد ",,"departure","129","0","1402-01-08","22:45:00","1402-01-09","00:54:00","28/3/2023","29/3/2023"
"201","OIMM","OIII","EPSMA","TBN6251","md88","TBN","چهار شنبه","Please Wait","منتظر اعلام باشید ",,"arrival","0","0","1402-01-09","23:55:00","1402-01-09","23:55:00","29/3/2023","29/3/2023"
"202","OIMM","OIII",,"TBN6251","MD.88","TBN","چهار شنبه","Departed","پرواز كرد ",,"departure","22","0","1402-01-09","22:45:00","1402-01-09","23:07:00","29/3/2023","29/3/2023"
"203","OIII","OIMM",,"TBN6258","md88","TBN","چهار شنبه","ONTIME","طبق برنامه ",,"departure","0","0","1402-01-09","23:00:00","1402-01-09","23:00:00","29/3/2023","29/3/2023"
"204","OIFM","OIMM",,"TBN6208","MD.88","TBN","چهار شنبه","LANDED","نشست ","پایان دریافت بار ","arrival","12","0","1402-01-09","22:40:00","1402-01-09","22:52:00","29/3/2023","29/3/2023"
"205","OIII","OIMM",,"TBN6252","MD.88","TBN","چهار شنبه","LANDED","نشست ","پایان دریافت بار ","arrival","19","0","1402-01-09","21:45:00","1402-01-09","22:04:00","29/3/2023","29/3/2023"
"206","OIMM","OIII",,"TBN6257","md88","TBN","چهار شنبه","ONTIME","طبق برنامه ",,"arrival","0","0","1402-01-09","22:00:00","1402-01-09","22:00:00","29/3/2023","29/3/2023"
"207","OIFM","OIMM","NULL","TBN6208","MD83","HH","چهارشنبه","پروازکرد21:35","NULL","NULL","departure","0","0","1402-01-09","21:25:00","1402-01-09","21:35:00","29/3/2023","29/3/2023"
"208","OIII","OIMM","EPSMA","TBN6252","md88","TBN","چهار شنبه","Departed","پرواز كرد ",,"departure","23","0","1402-01-09","20:30:00","1402-01-09","20:53:00","29/3/2023","29/3/2023"
"209","OIMM","OIFM","NULL","TBN6207","MD83","HH","چهارشنبه"," نشست20:30","NULL","پایان دریافت بار","arrival","0","0","1402-01-09","20:25:00","1402-01-09","20:30:00","29/3/2023","29/3/2023"
"210","OIMM","OIFM",,"TBN6207","MD.88","TBN","چهار شنبه","Departed","پرواز كرد ",,"departure","18","0","1402-01-09","19:00:00","1402-01-09","19:18:00","29/3/2023","29/3/2023"
"211","ORNI","OIMM",,"TBN7264","MD.88","TBN","چهار شنبه","LANDED","نشست ","پایان دریافت بار ","arrival","-30","1","1402-01-09","17:55:00","1402-01-09","17:25:00","29/3/2023","29/3/2023"
"212","OIII","OIMM",,"TBN6222","md88","TBN","چهار شنبه","ONTIME","طبق برنامه ",,"departure","0","0","1402-01-09","16:10:00","1402-01-09","16:10:00","29/3/2023","29/3/2023"
"213","OIBK","OIII","EPSMA","TBN6264","md88","TBN","چهار شنبه","LANDED","نشست ","پایان دریافت بار ","arrival","30","0","1402-01-09","15:35:00","1402-01-09","16:05:00","29/3/2023","29/3/2023"
"214","OIFM","OIBK","NULL","TBN6278","MD83","HH","چهارشنبه","پروازکرد12:20","NULL","NULL","departure","0","0","1402-01-09","11:45:00","1402-01-09","12:20:00","29/3/2023","29/3/2023"
"215","OIBK","OIFM","NULL","TBN6277","MD83","HH","چهارشنبه"," نشست11:05","NULL","پایان دریافت بار","arrival","0","0","1402-01-09","10:45:00","1402-01-09","11:05:00","29/3/2023","29/3/2023"
"216","OIMM","OIII",,"TBN6221","md88","TBN","چهار شنبه","ONTIME","طبق برنامه ",,"arrival","0","0","1402-01-09","08:50:00","1402-01-09","08:50:00","29/3/2023","29/3/2023"
"217","OIII","OIBK","EPSMA","TBN6263","md88","TBN","چهار شنبه","Departed","پرواز كرد ",,"departure","21","0","1402-01-09","07:10:00","1402-01-09","07:31:00","29/3/2023","29/3/2023"
"218","OIMM","ORNI",,"TBN7263","MD.88","TBN","چهار شنبه","Departed","پرواز كرد ",,"departure","-4","1","1402-01-09","07:00:00","1402-01-09","06:56:00","29/3/2023","29/3/2023"
"219","OIII","OIMM",,"TBN6258","MD.88","TBN","چهار شنبه","LANDED","نشست ","پایان دریافت بار ","arrival","5","0","1402-01-09","00:30:00","1402-01-09","00:35:00","29/3/2023","29/3/2023"
"220","OIMM","OIII",,"TBN6251","md88","TBN","پنج شنبه","ONTIME","طبق برنامه ",,"arrival","0","0","1402-01-10","23:55:00","1402-01-10","23:55:00","30/3/2023","30/3/2023"
"221","OIBB","OIII","EPSMA","TBN6280","md88","TBN","پنج شنبه","LANDED","نشست ","دریافت بار از نقاله ","arrival","97","0","1402-01-10","22:00:00","1402-01-10","23:37:00","30/3/2023","30/3/2023"
"222","OIII","OIMM",,"TBN6224","MD.88","TBN","پنج شنبه","LANDED","نشست ","پایان دریافت بار ","arrival","20","0","1402-01-10","22:30:00","1402-01-10","22:50:00","30/3/2023","30/3/2023"
"223","OIII","OIMM","EPTBF","TBN6224","MD.88","TBN","پنج شنبه","Departed","پرواز كرد ",,"departure","28","0","1402-01-10","21:15:00","1402-01-10","21:43:00","30/3/2023","30/3/2023"
"224","OIMM","OIII","EPTBF","TBN6223","md88","TBN","پنج شنبه","LANDED","نشست ","پایان دریافت بار ","arrival","12","0","1402-01-10","20:10:00","1402-01-10","20:22:00","30/3/2023","30/3/2023"
"225","OIII","OIBB","EPSMA","TBN6279","md88","TBN","پنج شنبه","Departed","پرواز كرد ",,"departure","60","0","1402-01-10","18:30:00","1402-01-10","19:30:00","30/3/2023","30/3/2023"
"226","OIMM","OIII",,"TBN6223","MD.88","TBN","پنج شنبه","Departed","پرواز كرد ",,"departure","15","0","1402-01-10","19:00:00","1402-01-10","19:15:00","30/3/2023","30/3/2023"
"227","ORNI","OIMM",,"TBN7266","A320","TBN","پنج شنبه","ONTIME","طبق برنامه ",,"arrival","0","1","1402-01-10","18:10:00","1402-01-10","18:10:00","30/3/2023","30/3/2023"
"228","OIFM","OIMM",,"TBN6206","MD.88","TBN","پنج شنبه","LANDED","نشست ","پایان دریافت بار ","arrival","2","0","1402-01-10","17:55:00","1402-01-10","17:57:00","30/3/2023","30/3/2023"
"229","ORNI","OIMM",,"TBN7264","A320","TBN","پنج شنبه","LANDED","نشست ","پایان دریافت بار ","arrival","-30","1","1402-01-10","17:55:00","1402-01-10","17:25:00","30/3/2023","30/3/2023"
"230","OIFM","OIMM","NULL","TBN6206","MD80","HH","پنجشنبه","پروازکرد16:40","NULL","NULL","departure","0","0","1402-01-10","16:30:00","1402-01-10","16:40:00","30/3/2023","30/3/2023"
"231","OIBK","OIII","EPSMA","TBN6264","md88","TBN","پنج شنبه","LANDED","نشست ","پایان دریافت بار ","arrival","14","0","1402-01-10","15:25:00","1402-01-10","15:39:00","30/3/2023","30/3/2023"
"232","OIMM","OIFM","NULL","TBN6205","md88","HH","پنجشنبه"," نشست15:23","NULL","پایان دریافت بار","arrival","0","0","1402-01-10","15:30:00","1402-01-10","15:23:00","30/3/2023","30/3/2023"
"233","OIMM","OIFM",,"TBN6205","MD.88","TBN","پنج شنبه","Departed","پرواز كرد ",,"departure","9","0","1402-01-10","14:00:00","1402-01-10","14:09:00","30/3/2023","30/3/2023"
"234","OIMM","OIBK",,"TBN6273","MD.88","TBN","پنج شنبه","ONTIME","طبق برنامه ",,"departure","0","0","1402-01-10","14:00:00","1402-01-10","14:00:00","30/3/2023","30/3/2023"
"235","OIBK","OIMM",,"TBN6274","MD.88","TBN","پنج شنبه","ONTIME","طبق برنامه ",,"arrival","0","0","1402-01-10","13:00:00","1402-01-10","13:00:00","30/3/2023","30/3/2023"
"236","OIMM","ORNI",,"TBN7265","A320","TBN","پنج شنبه","ONTIME","طبق برنامه ",,"departure","0","1","1402-01-10","13:00:00","1402-01-10","13:00:00","30/3/2023","30/3/2023"
"237","OISS","OIBK","NULL","TBN6285","MD82","HH","پنجشنبه","پروازکرد12:13","NULL","NULL","departure","0","0","1402-01-10","12:00:00","1402-01-10","12:13:00","30/3/2023","30/3/2023"
"238","OIBK","OISS","NULL","TBN6286","MD82","HH","پنجشنبه"," نشست11:11","NULL","پایان دریافت بار","arrival","0","0","1402-01-10","11:00:00","1402-01-10","11:11:00","30/3/2023","30/3/2023"
"239","OIII","OIMM",,"TBN6258","md88","TBN","پنج شنبه","ONTIME","طبق برنامه ",,"departure","0","0","1402-01-10","10:05:00","1402-01-10","10:05:00","30/3/2023","30/3/2023"
"240","OIMM","OIII",,"TBN6257","md88","TBN","پنج شنبه","ONTIME","طبق برنامه ",,"arrival","0","0","1402-01-10","08:45:00","1402-01-10","08:45:00","30/3/2023","30/3/2023"
"241","OIII","OIBK","EPSMA","TBN6263","md88","TBN","پنج شنبه","Departed","پرواز كرد ",,"departure","31","0","1402-01-10","07:30:00","1402-01-10","08:01:00","30/3/2023","30/3/2023"
"242","OIMM","ORNI",,"TBN7263","A320","TBN","پنج شنبه","Departed","پرواز كرد ",,"departure","-20","1","1402-01-10","07:00:00","1402-01-10","06:40:00","30/3/2023","30/3/2023"
"243","OIMM","OIII",,"TBN6251","MD82","TBN","جمعه","ONTIME","طبق برنامه ",,"arrival","0","0","1402-01-11","23:55:00","1402-01-11","23:55:00","31/3/2023","31/3/2023"
"244","OIII","OIMM","EPTBF","TBN6258","md88","TBN","جمعه","Departed","پرواز كرد ",,"departure","27","0","1402-01-11","23:00:00","1402-01-11","23:27:00","31/3/2023","31/3/2023"
"245","OIMM","OIII",,"TBN6251","MD.88","TBN","جمعه","Departed","پرواز كرد ",,"departure","25","0","1402-01-11","22:45:00","1402-01-11","23:10:00","31/3/2023","31/3/2023"
"246","OIMM","OIII","EPSMA","TBN6257","md88","TBN","جمعه","LANDED","نشست ","پایان دریافت بار ","arrival","13","0","1402-01-11","22:00:00","1402-01-11","22:13:00","31/3/2023","31/3/2023"
"247","OIII","OIMM",,"TBN6252","MD.88","TBN","جمعه","LANDED","نشست ","پایان دریافت بار ","arrival","15","0","1402-01-11","21:45:00","1402-01-11","22:00:00","31/3/2023","31/3/2023"
"248","OIMM","OIII",,"TBN6257","MD.88","TBN","جمعه","Departed","پرواز كرد ",,"departure","10","0","1402-01-11","21:00:00","1402-01-11","21:10:00","31/3/2023","31/3/2023"
"249","OIII","OIMM","EPSMA","TBN6252","md88","TBN","جمعه","Departed","پرواز كرد ",,"departure","26","0","1402-01-11","20:25:00","1402-01-11","20:51:00","31/3/2023","31/3/2023"
"250","OIKQ","OIII","EPSMA","TBN6228","md88","TBN","جمعه","LANDED","نشست ","پایان دریافت بار ","arrival","186","0","1402-01-11","16:00:00","1402-01-11","19:06:00","31/3/2023","31/3/2023"
"251","ORNI","OIMM",,"TBN7264","MD.88","TBN","جمعه","LANDED","نشست ","پایان دریافت بار ","arrival","-22","1","1402-01-11","17:55:00","1402-01-11","17:33:00","31/3/2023","31/3/2023"
"252","OIII","OIMM",,"TBN6222","md88","TBN","جمعه","ONTIME","طبق برنامه ",,"departure","0","0","1402-01-11","16:05:00","1402-01-11","16:05:00","31/3/2023","31/3/2023"
"253","OIII","OIKQ","EPSMA","TBN6227","md88","TBN","جمعه","Departed","پرواز كرد ",,"departure","32","0","1402-01-11","12:00:00","1402-01-11","12:32:00","31/3/2023","31/3/2023"
"254","OIMM","OIII","EPSMA","TBN6223","md88","TBN","جمعه","LANDED","نشست ","پایان دریافت بار ","arrival","78","0","1402-01-11","09:55:00","1402-01-11","11:13:00","31/3/2023","31/3/2023"
"255","OIMM","OIII",,"TBN6223","MD.88","TBN","جمعه","Departed","پرواز كرد ",,"departure","20","0","1402-01-11","09:45:00","1402-01-11","10:05:00","31/3/2023","31/3/2023"
"256","OIMM","OIII",,"TBN6221","md88","TBN","جمعه","ONTIME","طبق برنامه ",,"arrival","0","0","1402-01-11","10:05:00","1402-01-11","10:05:00","31/3/2023","31/3/2023"
"257","OIII","OIMM",,"TBN6224","MD.88","TBN","جمعه","LANDED","نشست ","پایان دریافت بار ","arrival","8","0","1402-01-11","08:45:00","1402-01-11","08:53:00","31/3/2023","31/3/2023"
"258","OIII","OIMM","EPSMA","TBN6224","md88","TBN","جمعه","Departed","پرواز كرد ",,"departure","14","0","1402-01-11","07:30:00","1402-01-11","07:44:00","31/3/2023","31/3/2023"
"259","OIMM","ORNI",,"TBN7263","MD.88","TBN","جمعه","Departed","پرواز كرد ",,"departure","-2","1","1402-01-11","07:00:00","1402-01-11","06:58:00","31/3/2023","31/3/2023"
"260","OIFM","OIMM",,"TBN6208","MD.88","TBN","شنبه","LANDED","نشست ","پایان دریافت بار ","arrival","2","0","1402-01-12","22:50:00","1402-01-12","22:52:00","1/4/2023","1/4/2023"
"261","OIMM","OIII","EPSMA","TBN6325","md88","TBN","شنبه","LANDED","نشست ","پایان دریافت بار ","arrival","104","0","1402-01-12","20:30:00","1402-01-12","22:14:00","1/4/2023","1/4/2023"
"262","OIFM","OIMM","NULL","TBN6208","MD83","HH","شنبه","پروازکرد21:40","NULL","NULL","departure","0","0","1402-01-12","21:25:00","1402-01-12","21:40:00","1/4/2023","1/4/2023"
"263","OIII","OIMM","EPSMA","TBN6224","md88","TBN","شنبه","Ready","آماده پرواز ",,"departure","0","0","1402-01-12","21:15:00","1402-01-12","21:15:00","1/4/2023","1/4/2023"
"264","OIMM","OIII",,"TBN6325","MD.88","TBN","شنبه","Departed","پرواز كرد ",,"departure","98","0","1402-01-12","19:10:00","1402-01-12","20:48:00","1/4/2023","1/4/2023"
"265","OIMM","OIFM","NULL","TBN6207","MD80","HH","شنبه"," نشست20:45","NULL","پایان دریافت بار","arrival","0","0","1402-01-12","20:25:00","1402-01-12","20:45:00","1/4/2023","1/4/2023"
"266","OIMM","OIII",,"TBN6223","md88","TBN","شنبه","ONTIME","طبق برنامه ",,"arrival","0","0","1402-01-12","20:15:00","1402-01-12","20:15:00","1/4/2023","1/4/2023"
"267","OIII","OIMM",,"TBN6326","MD.88","TBN","شنبه","LANDED","نشست ","پایان دریافت بار ","arrival","82","0","1402-01-12","18:10:00","1402-01-12","19:32:00","1/4/2023","1/4/2023"
"268","OIMM","OIFM",,"TBN6207","MD.88","TBN","شنبه","Departed","پرواز كرد ",,"departure","11","0","1402-01-12","19:00:00","1402-01-12","19:11:00","1/4/2023","1/4/2023"
"269","OIII","OIMM","EPSMA","TBN6326","md88","TBN","شنبه","Departed","پرواز كرد ",,"departure","90","0","1402-01-12","17:00:00","1402-01-12","18:30:00","1/4/2023","1/4/2023"
"270","ORNI","OIMM",,"TBN7264","MD.88","TBN","شنبه","LANDED","نشست ","پایان دریافت بار ","arrival","-37","1","1402-01-12","16:55:00","1402-01-12","16:18:00","1/4/2023","1/4/2023"
"271","OIBK","OIII","EPSMA","TBN6264","md88","TBN","شنبه","LANDED","نشست ","پایان دریافت بار ","arrival","19","0","1402-01-12","15:30:00","1402-01-12","15:49:00","1/4/2023","1/4/2023"
"272","OIII","OIMM",,"TBN6222","md88","TBN","شنبه","ONTIME","طبق برنامه ",,"departure","0","0","1402-01-12","15:00:00","1402-01-12","15:00:00","1/4/2023","1/4/2023"
"273","OIMM","OIII",,"TBN6221","md88","TBN","شنبه","ONTIME","طبق برنامه ",,"arrival","0","0","1402-01-12","14:00:00","1402-01-12","14:00:00","1/4/2023","1/4/2023"
"274","OIFM","OIBK","NULL","TBN6278","MD83","HH","شنبه","پروازکرد12:10","NULL","NULL","departure","0","0","1402-01-12","11:45:00","1402-01-12","12:10:00","1/4/2023","1/4/2023"
"275","OIBK","OIFM","NULL","TBN6277","MD80","HH","شنبه"," نشست11:00","NULL","پایان دریافت بار","arrival","0","0","1402-01-12","10:45:00","1402-01-12","11:00:00","1/4/2023","1/4/2023"
"276","OIII","OIBK","EPSMA","TBN6263","md88","TBN","شنبه","Departed","پرواز كرد ",,"departure","18","0","1402-01-12","07:05:00","1402-01-12","07:23:00","1/4/2023","1/4/2023"
"277","OIMM","ORNI",,"TBN7263","MD.88","TBN","شنبه","Departed","پرواز كرد ",,"departure","-8","1","1402-01-12","06:00:00","1402-01-12","05:52:00","1/4/2023","1/4/2023"
"278","OIII","OIMM",,"TBN6258","MD.88","TBN","شنبه","LANDED","نشست ","پایان دریافت بار ","arrival","2","0","1402-01-12","00:30:00","1402-01-12","00:32:00","1/4/2023","1/4/2023"
"279","OIII","OIMM",,"TBN6224","MD.88","TBN","شنبه","LANDED","نشست ","پایان دریافت بار ","arrival","150","0","1402-01-12","22:30:00","1402-01-13","01:00:00","1/4/2023","2/4/2023"
"280","OIII","OIMM","EPTBF","TBN6258","md88","TBN","یکشنبه","Departed","پرواز كرد ",,"departure","32","0","1402-01-13","23:00:00","1402-01-13","23:32:00","2/4/2023","2/4/2023"
"281","OIBB","OIII","EPTBC","TBN6280","md88","TBN","یکشنبه","LANDED","نشست ","پایان دریافت بار ","arrival","38","0","1402-01-13","22:30:00","1402-01-13","23:08:00","2/4/2023","2/4/2023"
"282","OIMM","OIII","EPTBF","TBN6257","md88","TBN","یکشنبه","LANDED","نشست ","پایان دریافت بار ","arrival","20","0","1402-01-13","22:00:00","1402-01-13","22:20:00","2/4/2023","2/4/2023"
"283","OISS","OIMM",,"TBN6232","A320","TBN","یکشنبه","LANDED","نشست ","پایان دریافت بار ","arrival","13","0","1402-01-13","21:35:00","1402-01-13","21:48:00","2/4/2023","2/4/2023"
"284","OIMM","OIII",,"TBN6257","MD.88","TBN","یکشنبه","Departed","پرواز كرد ",,"departure","6","0","1402-01-13","21:00:00","1402-01-13","21:06:00","2/4/2023","2/4/2023"
"285","OISS","OIMM","NULL","TBN6232","A320","HH","یکشنبه","پروازکرد20:30","NULL","NULL","departure","0","0","1402-01-13","20:00:00","1402-01-13","20:30:00","2/4/2023","2/4/2023"
"286","OOMS","OISS","NULL","TBN7218","MD.88","HH","یکشنبه"," نشست19:16","NULL","پایان دریافت بار","arrival","0","1","1402-01-13","19:00:00","1402-01-13","19:16:00","2/4/2023","2/4/2023"
"287","OIII","OIBB","EPSMA","TBN6279","md88","TBN","یکشنبه","Departed","پرواز كرد ",,"departure","10","0","1402-01-13","19:00:00","1402-01-13","19:10:00","2/4/2023","2/4/2023"
"288","OIII","OIMM",,"TBN6222","md88","TBN","یکشنبه","ONTIME","طبق برنامه ",,"departure","0","0","1402-01-13","18:50:00","1402-01-13","18:50:00","2/4/2023","2/4/2023"
"289","OIMM","OIII","EPSMA","TBN6221","md88","TBN","یکشنبه","LANDED","نشست ","پایان دریافت بار ","arrival","6","0","1402-01-13","17:35:00","1402-01-13","17:41:00","2/4/2023","2/4/2023"
"290","ORNI","OIMM",,"TBN7264","MD.88","TBN","یکشنبه","LANDED","نشست ","پایان دریافت بار ","arrival","-24","1","1402-01-13","16:55:00","1402-01-13","16:31:00","2/4/2023","2/4/2023"
"291","OIMM","OIII",,"TBN6221","MD.88","TBN","یکشنبه","Departed","پرواز كرد ",,"departure","-6","0","1402-01-13","16:30:00","1402-01-13","16:24:00","2/4/2023","2/4/2023"
"292","OISS","OIII",,"TBN6284","md88","TBN","یکشنبه","ONTIME","طبق برنامه ",,"arrival","0","0","1402-01-13","15:30:00","1402-01-13","15:30:00","2/4/2023","2/4/2023"
"293","OIFM","OIMM",,"TBN6208","MD.88","TBN","یکشنبه","LANDED","نشست ","پایان دریافت بار ","arrival","-1","0","1402-01-13","15:10:00","1402-01-13","15:09:00","2/4/2023","2/4/2023"
"294","OIAW","OOMS",,"TBN7239","MDC-DC-9-50","TBN","یکشنبه","Departed","پرواز كرد ",,"departure","52","1","1402-01-13","14:15:00","1402-01-13","15:07:00","2/4/2023","2/4/2023"
"295","OIFM","OIMM","NULL","TBN6208","MD83","HH","یکشنبه","پروازکرد14:00","NULL","NULL","departure","0","0","1402-01-13","13:50:00","1402-01-13","14:00:00","2/4/2023","2/4/2023"
"296","OOMS","OIAW",,"TBN7240","MDC-DC-9-50","TBN","یکشنبه","ONTIME","طبق برنامه ",,"arrival","0","1","1402-01-13","13:15:00","1402-01-13","13:15:00","2/4/2023","2/4/2023"
"297","OIMM","OIFM","NULL","TBN6207","MD83","HH","یکشنبه"," نشست12:50","NULL","پایان دریافت بار","arrival","0","0","1402-01-13","12:50:00","1402-01-13","12:50:00","2/4/2023","2/4/2023"
"298","OIMM","OIFM",,"TBN6207","MD.88","TBN","یکشنبه","Departed","پرواز كرد ",,"departure","-2","0","1402-01-13","11:30:00","1402-01-13","11:28:00","2/4/2023","2/4/2023"
"299","OIII","OIMM",,"TBN6224","MD.88","TBN","یکشنبه","LANDED","نشست ","پایان دریافت بار ","arrival","41","0","1402-01-13","09:30:00","1402-01-13","10:11:00","2/4/2023","2/4/2023"
"300","OISS","OOMS","NULL","TBN7217","MD.88","HH","یکشنبه","پروازکرد09:24","NULL","NULL","departure","0","1","1402-01-13","09:00:00","1402-01-13","09:24:00","2/4/2023","2/4/2023"
"301","OIII","OIMM","EPSMA","TBN6224","md88","TBN","یکشنبه","Departed","پرواز كرد ",,"departure","49","0","1402-01-13","08:20:00","1402-01-13","09:09:00","2/4/2023","2/4/2023"
"302","OIMM","OISS","NULL","TBN6231","A320","HH","یکشنبه"," نشست07:56","NULL","پایان دریافت بار","arrival","0","0","1402-01-13","07:50:00","1402-01-13","07:56:00","2/4/2023","2/4/2023"
"303","OIMM","OIII","EPSMA","TBN6223","md88","TBN","یکشنبه","LANDED","نشست ","پایان دریافت بار ","arrival","36","0","1402-01-13","07:00:00","1402-01-13","07:36:00","2/4/2023","2/4/2023"
"304","OIMM","ORNI",,"TBN7263","MD.88","TBN","یکشنبه","Departed","پرواز كرد ",,"departure","32","1","1402-01-13","06:00:00","1402-01-13","06:32:00","2/4/2023","2/4/2023"
"305","OIMM","OISS",,"TBN6231","A320","TBN","یکشنبه","Departed","پرواز كرد ",,"departure","5","0","1402-01-13","06:15:00","1402-01-13","06:20:00","2/4/2023","2/4/2023"
"306","OIMM","OIII",,"TBN6223","MD.88","TBN","یکشنبه","Departed","پرواز كرد ",,"departure","17","0","1402-01-13","06:00:00","1402-01-13","06:17:00","2/4/2023","2/4/2023"
"307","OIII","OISS",,"TBN6283","md88","TBN","یکشنبه","ONTIME","طبق برنامه ",,"departure","0","0","1402-01-13","06:00:00","1402-01-13","06:00:00","2/4/2023","2/4/2023"
